"Image Data ID","Subject","Group","Sex","Age","Visit","Modality","Description","Type","Acq Date","Format","Downloaded"
"I66824","136_S_1227","MCI","F","65","2","MRI","MPR; ; N3; Scaled","Processed","2/21/2007","NiFTI",""
"I119735","136_S_0579","MCI","F","66","2","MRI","MPR-R; ; N3; Scaled_2","Processed","7/10/2006","NiFTI",""
"I40404","136_S_0579","MCI","F","66","2","MRI","MPR-R; ; N3; Scaled","Processed","7/10/2006","NiFTI",""
"I40392","136_S_0429","MCI","M","63","2","MRI","MPR; ; N3; Scaled","Processed","6/27/2006","NiFTI",""
"I119733","136_S_0429","MCI","M","63","2","MRI","MPR; ; N3; Scaled_2","Processed","6/27/2006","NiFTI",""
"I119731","136_S_0426","AD","M","80","2","MRI","MPR; ; N3; Scaled_2","Processed","5/30/2006","NiFTI",""
"I40378","136_S_0426","AD","M","80","2","MRI","MPR; ; N3; Scaled","Processed","5/30/2006","NiFTI",""
"I40352","136_S_0300","AD","M","57","2","MRI","MPR-R; ; N3; Scaled","Processed","6/07/2006","NiFTI",""
"I119729","136_S_0300","AD","M","57","2","MRI","MPR-R; ; N3; Scaled_2","Processed","6/07/2006","NiFTI",""
"I119727","136_S_0299","AD","F","89","2","MRI","MPR-R; ; N3; Scaled_2","Processed","5/12/2006","NiFTI",""
"I40323","136_S_0299","AD","F","89","2","MRI","MPR-R; ; N3; Scaled","Processed","5/12/2006","NiFTI",""
"I119725","136_S_0196","CN","F","78","2","MRI","MPR; ; N3; Scaled_2","Processed","5/01/2006","NiFTI",""
"I40269","136_S_0196","CN","F","78","2","MRI","MPR; ; N3; Scaled","Processed","5/01/2006","NiFTI",""
"I119721","136_S_0195","MCI","M","80","2","MRI","MPR; ; N3; Scaled_2","Processed","4/04/2006","NiFTI",""
"I40254","136_S_0195","MCI","M","80","2","MRI","MPR; ; N3; Scaled","Processed","4/04/2006","NiFTI",""
"I119718","136_S_0194","AD","F","81","2","MRI","MPR; ; N3; Scaled_2","Processed","4/24/2006","NiFTI",""
"I40248","136_S_0194","AD","F","81","2","MRI","MPR; ; N3; Scaled","Processed","4/24/2006","NiFTI",""
"I119712","136_S_0184","CN","F","78","2","MRI","MPR; ; N3; Scaled_2","Processed","3/27/2006","NiFTI",""
"I40191","136_S_0184","CN","F","78","2","MRI","MPR; ; N3; Scaled","Processed","3/27/2006","NiFTI",""
"I119685","136_S_0086","CN","F","80","2","MRI","MPR; ; N3; Scaled_2","Processed","5/08/2006","NiFTI",""
"I40172","136_S_0086","CN","F","80","2","MRI","MPR; ; N3; Scaled","Processed","5/08/2006","NiFTI",""
"I65520","130_S_1337","AD","M","72","2","MRI","MPR; ; N3; Scaled","Processed","3/22/2007","NiFTI",""
"I39203","130_S_0969","CN","M","70","2","MRI","MPR; ; N3; Scaled","Processed","11/06/2006","NiFTI",""
"I39200","130_S_0956","AD","F","64","2","MRI","MPR; ; N3; Scaled","Processed","11/06/2006","NiFTI",""
"I39288","130_S_0886","CN","F","71","2","MRI","MPR-R; ; N3; Scaled","Processed","10/16/2006","NiFTI",""
"I39197","130_S_0505","MCI","M","80","2","MRI","MPR; ; N3; Scaled","Processed","10/18/2006","NiFTI",""
"I81434","130_S_0449","MCI","F","67","2","MRI","MPR-R; ; N3; Scaled","Processed","8/16/2006","NiFTI",""
"I39104","130_S_0423","MCI","M","80","2","MRI","MPR-R; ; N3; Scaled","Processed","7/06/2006","NiFTI",""
"I94658","128_S_1242","CN","F","71","2","MRI","MPR; GradWarp; B1 Correction; N3; Scaled","Processed","2/14/2007","NiFTI",""
"I69118","128_S_1148","MCI","F","70","2","MRI","MPR; GradWarp; B1 Correction; N3; Scaled","Processed","1/16/2007","NiFTI",""
"I90614","128_S_1088","MCI","M","88","2","MRI","MPR; GradWarp; B1 Correction; N3; Scaled","Processed","1/18/2007","NiFTI",""
"I83521","127_S_0844","AD","F","85","2","MRI","MPR; GradWarp; B1 Correction; N3; Scaled","Processed","11/09/2006","NiFTI",""
"I74496","127_S_0622","CN","F","75","2","MRI","MPR; GradWarp; B1 Correction; N3; Scaled","Processed","6/29/2006","NiFTI",""
"I34416","127_S_0397","MCI","M","75","2","MRI","MPR; GradWarp; B1 Correction; N3; Scaled","Processed","6/06/2006","NiFTI",""
"I38790","127_S_0393","MCI","F","86","2","MRI","MPR; GradWarp; B1 Correction; N3; Scaled","Processed","5/24/2006","NiFTI",""
"I34371","127_S_0260","CN","F","79","2","MRI","MPR; GradWarp; B1 Correction; N3; Scaled","Processed","5/01/2006","NiFTI",""
"I83789","126_S_1340","MCI","F","83","2","MRI","MPR; GradWarp; B1 Correction; N3; Scaled","Processed","4/02/2007","NiFTI",""
"I38887","126_S_0606","AD","F","69","2","MRI","MPR; GradWarp; B1 Correction; N3; Scaled","Processed","8/14/2006","NiFTI",""
"I38878","126_S_0605","CN","F","76","2","MRI","MPR; GradWarp; B1 Correction; N3; Scaled","Processed","6/29/2006","NiFTI",""
"I38808","126_S_0405","CN","M","76","2","MRI","MPR-R; GradWarp; B1 Correction; N3; Scaled","Processed","6/14/2006","NiFTI",""
"I53845","116_S_1249","CN","F","71","2","MRI","MPR-R; GradWarp; B1 Correction; N3; Scaled","Processed","3/01/2007","NiFTI",""
"I53836","116_S_1232","CN","F","72","2","MRI","MPR-R; GradWarp; B1 Correction; N3; Scaled","Processed","2/23/2007","NiFTI",""
"I67248","116_S_1083","AD","F","72","2","MRI","MPR; GradWarp; B1 Correction; N3; Scaled","Processed","12/21/2006","NiFTI",""
"I63517","116_S_0752","MCI","F","82","2","MRI","MPR; GradWarp; B1 Correction; N3; Scaled","Processed","9/08/2006","NiFTI",""
"I63508","116_S_0649","MCI","M","87","2","MRI","MPR; GradWarp; B1 Correction; N3; Scaled","Processed","9/08/2006","NiFTI",""
"I59677","116_S_0487","AD","M","77","2","MRI","MPR-R; GradWarp; B1 Correction; N3; Scaled","Processed","8/10/2006","NiFTI",""
"I53818","116_S_0392","AD","F","85","2","MRI","MPR-R; GradWarp; B1 Correction; N3; Scaled","Processed","6/26/2006","NiFTI",""
"I53802","116_S_0382","CN","F","76","2","MRI","MPR; GradWarp; B1 Correction; N3; Scaled","Processed","6/13/2006","NiFTI",""
"I82571","100_S_1286","CN","F","76","2","MRI","MPR; ; N3; Scaled","Processed","3/07/2007","NiFTI",""
"I33114","100_S_0190","MCI","M","79","2","MRI","MPR; ; N3; Scaled","Processed","5/22/2006","NiFTI",""
"I33046","100_S_0015","CN","M","81","2","MRI","MPR-R; ; N3; Scaled","Processed","10/31/2005","NiFTI",""
"I87748","094_S_1293","MCI","M","77","2","MRI","MPR; GradWarp; B1 Correction; N3; Scaled","Processed","3/19/2007","NiFTI",""
"I75503","094_S_1267","CN","M","73","2","MRI","MPR; GradWarp; B1 Correction; N3; Scaled","Processed","3/22/2007","NiFTI",""
"I65414","094_S_1241","CN","M","72","2","MRI","MPR; GradWarp; B1 Correction; N3; Scaled","Processed","2/22/2007","NiFTI",""
"I80880","082_S_1256","CN","F","72","2","MRI","MPR; GradWarp; B1 Correction; N3; Scaled","Processed","2/23/2007","NiFTI",""
"I109533","082_S_0928","MCI","F","83","2","MRI","MPR; GradWarp; B1 Correction; N3; Scaled","Processed","10/16/2006","NiFTI",""
"I119242","082_S_0640","CN","F","73","2","MRI","MPR-R; GradWarp; B1 Correction; N3; Scaled_2","Processed","7/25/2006","NiFTI",""
"I39772","082_S_0640","CN","F","73","2","MRI","MPR-R; GradWarp; B1 Correction; N3; Scaled","Processed","7/25/2006","NiFTI",""
"I119240","082_S_0469","MCI","F","79","2","MRI","MPR; GradWarp; B1 Correction; N3; Scaled_2","Processed","7/17/2006","NiFTI",""
"I39749","082_S_0469","MCI","F","79","2","MRI","MPR; GradWarp; B1 Correction; N3; Scaled","Processed","7/17/2006","NiFTI",""
"I77069","082_S_0304","CN","F","71","2","MRI","MPR; GradWarp; B1 Correction; N3; Scaled","Processed","4/06/2006","NiFTI",""
"I119237","082_S_0304","CN","F","71","2","MRI","MPR; GradWarp; B1 Correction; N3; Scaled_2","Processed","4/06/2006","NiFTI",""
"I70783","068_S_1191","CN","M","79","2","MRI","MPR; ; N3; Scaled","Processed","2/06/2007","NiFTI",""
"I82532","068_S_1075","MCI","M","67","2","MRI","MPR; ; N3; Scaled","Processed","3/02/2007","NiFTI",""
"I119807","068_S_0478","MCI","M","56","2","MRI","MPR-R; ; N3; Scaled_2","Processed","7/12/2006","NiFTI",""
"I37041","068_S_0478","MCI","M","56","2","MRI","MPR-R; ; N3; Scaled","Processed","7/12/2006","NiFTI",""
"I119806","068_S_0476","MCI","F","76","2","MRI","MPR; ; N3; Scaled_2","Processed","7/12/2006","NiFTI",""
"I37034","068_S_0476","MCI","F","76","2","MRI","MPR; ; N3; Scaled","Processed","7/12/2006","NiFTI",""
"I119805","068_S_0442","MCI","M","75","2","MRI","MPR; ; N3; Scaled_2","Processed","6/06/2006","NiFTI",""
"I37024","068_S_0442","MCI","M","75","2","MRI","MPR; ; N3; Scaled","Processed","6/06/2006","NiFTI",""
"I87150","067_S_1253","AD","F","63","2","MRI","MPR; GradWarp; B1 Correction; N3; Scaled","Processed","3/30/2007","NiFTI",""
"I86429","067_S_1185","AD","M","62","2","MRI","MPR; GradWarp; B1 Correction; N3; Scaled","Processed","1/22/2007","NiFTI",""
"I86420","067_S_0828","AD","F","78","2","MRI","MPR; GradWarp; B1 Correction; N3; Scaled","Processed","11/09/2006","NiFTI",""
"I89125","067_S_0812","AD","F","72","2","MRI","MPR-R; GradWarp; B1 Correction; N3; Scaled","Processed","10/25/2006","NiFTI",""
"I89123","067_S_0607","MCI","F","78","2","MRI","MPR; GradWarp; B1 Correction; N3; Scaled","Processed","8/18/2006","NiFTI",""
"I119204","067_S_0607","MCI","F","78","2","MRI","MPR; GradWarp; B1 Correction; N3; Scaled_2","Processed","8/18/2006","NiFTI",""
"I34866","067_S_0607","MCI","F","78","2","MRI","MPR; GradWarp; B1 Correction; N3; Scaled","Processed","8/18/2006","NiFTI",""
"I89124","067_S_0290","MCI","M","75","2","MRI","MPR-R; GradWarp; B1 Correction; N3; Scaled","Processed","6/01/2006","NiFTI",""
"I119201","067_S_0290","MCI","M","75","2","MRI","MPR-R; GradWarp; B1 Correction; N3; Scaled_2","Processed","6/01/2006","NiFTI",""
"I119146","053_S_0507","MCI","F","55","2","MRI","MPR; ; N3; Scaled_2","Processed","6/06/2006","NiFTI",""
"I75459","053_S_0507","MCI","F","55","2","MRI","MPR; ; N3; Scaled","Processed","6/06/2006","NiFTI",""
"I62272","052_S_1251","CN","F","74","2","MRI","MPR; GradWarp; B1 Correction; N3; Scaled","Processed","3/09/2007","NiFTI",""
"I62261","052_S_1250","CN","F","73","2","MRI","MPR; GradWarp; B1 Correction; N3; Scaled","Processed","2/28/2007","NiFTI",""
"I82518","051_S_1338","MCI","M","84","2","MRI","MPR-R; GradWarp; B1 Correction; N3; Scaled","Processed","4/26/2007","NiFTI",""
"I82509","051_S_1331","MCI","F","77","2","MRI","MPR-R; GradWarp; B1 Correction; N3; Scaled","Processed","4/26/2007","NiFTI",""
"I64929","051_S_1131","MCI","M","87","2","MRI","MPR; GradWarp; B1 Correction; N3; Scaled","Processed","1/18/2007","NiFTI",""
"I58054","051_S_1123","CN","F","76","2","MRI","MPR; GradWarp; B1 Correction; N3; Scaled","Processed","2/06/2007","NiFTI",""
"I65662","051_S_1072","MCI","F","60","2","MRI","MPR-R; GradWarp; B1 Correction; N3; Scaled","Processed","1/29/2007","NiFTI",""
"I79943","037_S_1225","MCI","M","77","2","MRI","MPR-R; GradWarp; B1 Correction; N3; Scaled","Processed","2/09/2007","NiFTI",""
"I79784","037_S_0501","MCI","M","78","2","MRI","MPR-R; GradWarp; B1 Correction; N3; Scaled","Processed","6/23/2006","NiFTI",""
"I64116","037_S_0303","CN","M","84","2","MRI","MPR; GradWarp; B1 Correction; N3; Scaled","Processed","5/03/2006","NiFTI",""
"I90989","032_S_1169","CN","F","72","2","MRI","MPR-R; GradWarp; B1 Correction; N3; Scaled","Processed","1/24/2007","NiFTI",""
"I90976","032_S_1101","AD","F","71","2","MRI","MPR; GradWarp; B1 Correction; N3; Scaled","Processed","1/25/2007","NiFTI",""
"I90942","032_S_0677","CN","M","71","2","MRI","MPR; GradWarp; B1 Correction; N3; Scaled","Processed","10/09/2006","NiFTI",""
"I42206","032_S_0479","CN","F","74","2","MRI","MPR; ; N3; Scaled","Processed","6/07/2006","NiFTI",""
"I36440","032_S_0187","MCI","M","77","2","MRI","MPR; ; N3; Scaled","Processed","3/14/2006","NiFTI",""
"I90925","031_S_1209","AD","F","72","2","MRI","MPR; GradWarp; B1 Correction; N3; Scaled","Processed","1/31/2007","NiFTI",""
"I90916","031_S_1066","MCI","M","73","2","MRI","MPR; GradWarp; B1 Correction; N3; Scaled","Processed","12/04/2006","NiFTI",""
"I138792","031_S_0830","MCI","M","71","2","MRI","MPR-R; GradWarp; B1 Correction; N3; Scaled","Processed","9/21/2006","NiFTI",""
"I122678","031_S_0568","MCI","F","80","2","MRI","MPR; GradWarp; N3; Scaled","Processed","6/09/2006","NiFTI",""
"I47757","027_S_1387","MCI","M","86","2","MRI","MPR; GradWarp; B1 Correction; N3; Scaled","Processed","3/19/2007","NiFTI",""
"I65374","027_S_1385","AD","F","70","2","MRI","MPR; GradWarp; B1 Correction; N3; Scaled","Processed","3/26/2007","NiFTI",""
"I47237","027_S_1277","MCI","M","86","2","MRI","MPR; GradWarp; B1 Correction; N3; Scaled","Processed","3/01/2007","NiFTI",""
"I47186","027_S_1082","AD","F","70","2","MRI","MPR; GradWarp; B1 Correction; N3; Scaled","Processed","12/13/2006","NiFTI",""
"I47177","027_S_1081","AD","M","85","2","MRI","MPR; GradWarp; B1 Correction; N3; Scaled","Processed","2/08/2007","NiFTI",""
"I35653","027_S_0835","MCI","M","73","2","MRI","MPR; GradWarp; B1 Correction; N3; Scaled","Processed","9/28/2006","NiFTI",""
"I34213","027_S_0417","MCI","M","80","2","MRI","MPR; GradWarp; B1 Correction; N3; Scaled","Processed","5/31/2006","NiFTI",""
"I34195","027_S_0404","AD","F","88","2","MRI","MPR; GradWarp; B1 Correction; N3; Scaled","Processed","5/16/2006","NiFTI",""
"I34190","027_S_0403","CN","M","76","2","MRI","MPR-R; GradWarp; B1 Correction; N3; Scaled","Processed","5/08/2006","NiFTI",""
"I34168","027_S_0307","MCI","M","79","2","MRI","MPR; GradWarp; B1 Correction; N3; Scaled","Processed","5/11/2006","NiFTI",""
"I118926","023_S_1289","AD","F","77","2","MRI","MPR; GradWarp; B1 Correction; N3; Scaled_2","Processed","2/20/2007","NiFTI",""
"I46426","023_S_1289","AD","F","77","2","MRI","MPR; GradWarp; B1 Correction; N3; Scaled","Processed","2/20/2007","NiFTI",""
"I118924","023_S_1262","AD","F","73","2","MRI","MPR-R; GradWarp; B1 Correction; N3; Scaled_2","Processed","2/28/2007","NiFTI",""
"I64862","023_S_1262","AD","F","73","2","MRI","MPR-R; GradWarp; B1 Correction; N3; Scaled","Processed","2/28/2007","NiFTI",""
"I118922","023_S_1247","MCI","F","73","2","MRI","MPR; GradWarp; B1 Correction; N3; Scaled_2","Processed","2/21/2007","NiFTI",""
"I52138","023_S_1247","MCI","F","73","2","MRI","MPR; GradWarp; B1 Correction; N3; Scaled","Processed","2/21/2007","NiFTI",""
"I118920","023_S_1190","CN","F","77","2","MRI","MPR; GradWarp; B1 Correction; N3; Scaled_2","Processed","1/17/2007","NiFTI",""
"I52129","023_S_1190","CN","F","77","2","MRI","MPR; GradWarp; B1 Correction; N3; Scaled","Processed","1/17/2007","NiFTI",""
"I70687","023_S_1126","MCI","M","81","2","MRI","MPR-R; GradWarp; B1 Correction; N3; Scaled","Processed","12/13/2006","NiFTI",""
"I118916","023_S_1126","MCI","M","81","2","MRI","MPR-R; GradWarp; B1 Correction; N3; Scaled_2","Processed","12/13/2006","NiFTI",""
"I52120","023_S_1104","MCI","F","65","2","MRI","MPR; GradWarp; B1 Correction; N3; Scaled","Processed","12/05/2006","NiFTI",""
"I118912","023_S_1104","MCI","F","65","2","MRI","MPR; GradWarp; B1 Correction; N3; Scaled_2","Processed","12/05/2006","NiFTI",""
"I52107","023_S_1046","MCI","M","72","2","MRI","MPR; GradWarp; B1 Correction; N3; Scaled","Processed","11/15/2006","NiFTI",""
"I118908","023_S_1046","MCI","M","72","2","MRI","MPR; GradWarp; B1 Correction; N3; Scaled_2","Processed","11/15/2006","NiFTI",""
"I90026","023_S_0963","CN","M","73","2","MRI","MPR-R; GradWarp; B1 Correction; N3; Scaled","Processed","10/17/2006","NiFTI",""
"I118904","023_S_0963","CN","M","73","2","MRI","MPR-R; GradWarp; B1 Correction; N3; Scaled_2","Processed","10/17/2006","NiFTI",""
"I138627","023_S_0926","CN","F","71","2","MRI","MPR-R; GradWarp; B1 Correction; N3; Scaled","Processed","10/16/2006","NiFTI",""
"I31540","023_S_0916","AD","M","80","2","MRI","MPR; GradWarp; B1 Correction; N3; Scaled","Processed","9/29/2006","NiFTI",""
"I118880","023_S_0916","AD","M","80","2","MRI","MPR; GradWarp; B1 Correction; N3; Scaled_2","Processed","9/29/2006","NiFTI",""
"I118987","023_S_0855","MCI","M","76","2","MRI","MPR; GradWarp; B1 Correction; N3; Scaled_2","Processed","9/18/2006","NiFTI",""
"I31518","023_S_0855","MCI","M","76","2","MRI","MPR; GradWarp; B1 Correction; N3; Scaled","Processed","9/18/2006","NiFTI",""
"I31500","023_S_0625","MCI","M","76","2","MRI","MPR; GradWarp; B1 Correction; N3; Scaled","Processed","7/12/2006","NiFTI",""
"I119032","023_S_0625","MCI","M","76","2","MRI","MPR; GradWarp; B1 Correction; N3; Scaled_2","Processed","7/12/2006","NiFTI",""
"I31482","023_S_0613","MCI","F","84","2","MRI","MPR; GradWarp; B1 Correction; N3; Scaled","Processed","7/24/2006","NiFTI",""
"I118977","023_S_0613","MCI","F","84","2","MRI","MPR; GradWarp; B1 Correction; N3; Scaled_2","Processed","7/24/2006","NiFTI",""
"I31468","023_S_0604","MCI","M","87","2","MRI","MPR-R; GradWarp; B1 Correction; N3; Scaled","Processed","6/20/2006","NiFTI",""
"I119026","023_S_0604","MCI","M","87","2","MRI","MPR-R; GradWarp; B1 Correction; N3; Scaled_2","Processed","6/20/2006","NiFTI",""
"I31446","023_S_0388","MCI","M","71","2","MRI","MPR; GradWarp; B1 Correction; N3; Scaled","Processed","5/04/2006","NiFTI",""
"I118856","023_S_0388","MCI","M","71","2","MRI","MPR; GradWarp; B1 Correction; N3; Scaled_2","Processed","5/04/2006","NiFTI",""
"I118882","023_S_0376","MCI","M","71","2","MRI","MPR; GradWarp; B1 Correction; N3; Scaled_2","Processed","4/28/2006","NiFTI",""
"I31392","023_S_0376","MCI","M","71","2","MRI","MPR; GradWarp; B1 Correction; N3; Scaled","Processed","4/28/2006","NiFTI",""
"I66018","023_S_0331","MCI","F","65","2","MRI","MPR; GradWarp; B1 Correction; N3; Scaled","Processed","4/12/2006","NiFTI",""
"I119018","023_S_0331","MCI","F","65","2","MRI","MPR; GradWarp; B1 Correction; N3; Scaled_2","Processed","4/12/2006","NiFTI",""
"I118972","023_S_0139","AD","F","66","2","MRI","MPR; GradWarp; B1 Correction; N3; Scaled_2","Processed","2/06/2006","NiFTI",""
"I31313","023_S_0139","AD","F","66","2","MRI","MPR; GradWarp; B1 Correction; N3; Scaled","Processed","2/06/2006","NiFTI",""
"I118862","023_S_0078","MCI","F","76","2","MRI","MPR; GradWarp; B1 Correction; N3; Scaled_2","Processed","1/12/2006","NiFTI",""
"I51981","023_S_0078","MCI","F","76","2","MRI","MPR; GradWarp; B1 Correction; N3; Scaled","Processed","1/12/2006","NiFTI",""
"I118854","023_S_0061","CN","F","77","2","MRI","MPR; GradWarp; B1 Correction; N3; Scaled_2","Processed","12/20/2005","NiFTI",""
"I31107","023_S_0061","CN","F","77","2","MRI","MPR; GradWarp; B1 Correction; N3; Scaled","Processed","12/20/2005","NiFTI",""
"I118837","023_S_0058","CN","M","70","2","MRI","MPR; GradWarp; B1 Correction; N3; Scaled_2","Processed","12/12/2005","NiFTI",""
"I30968","023_S_0058","CN","M","70","2","MRI","MPR; GradWarp; B1 Correction; N3; Scaled","Processed","12/12/2005","NiFTI",""
"I51934","023_S_0031","CN","F","78","2","MRI","MPR-R; GradWarp; B1 Correction; N3; Scaled","Processed","10/28/2005","NiFTI",""
"I118848","023_S_0031","CN","F","78","2","MRI","MPR-R; GradWarp; B1 Correction; N3; Scaled_2","Processed","10/28/2005","NiFTI",""
"I118790","023_S_0030","MCI","F","80","2","MRI","MPR; GradWarp; B1 Correction; N3; Scaled_2","Processed","10/26/2005","NiFTI",""
"I31623","023_S_0030","MCI","F","80","2","MRI","MPR; GradWarp; B1 Correction; N3; Scaled","Processed","10/26/2005","NiFTI",""
"I82162","021_S_0753","AD","M","66","2","MRI","MPR; GradWarp; B1 Correction; N3; Scaled","Processed","9/11/2006","NiFTI",""
"I33484","021_S_0332","MCI","M","70","2","MRI","MPR; GradWarp; B1 Correction; N3; Scaled","Processed","4/19/2006","NiFTI",""
"I35039","018_S_0633","AD","M","83","2","MRI","MPR; ; N3; Scaled","Processed","7/17/2006","NiFTI",""
"I35029","018_S_0450","MCI","M","69","2","MRI","MPR; ; N3; Scaled","Processed","6/23/2006","NiFTI",""
"I139891","018_S_0425","CN","M","86","2","MRI","MPR; ; N3; Scaled","Processed","6/19/2006","NiFTI",""
"I35024","018_S_0406","MCI","M","78","2","MRI","MPR; ; N3; Scaled","Processed","6/26/2006","NiFTI",""
"I118773","018_S_0369","CN","M","76","2","MRI","MPR; ; N3; Scaled_2","Processed","5/11/2006","NiFTI",""
"I37190","018_S_0369","CN","M","76","2","MRI","MPR; ; N3; Scaled","Processed","5/11/2006","NiFTI",""
"I35014","018_S_0335","AD","F","84","2","MRI","MPR; ; N3; Scaled","Processed","5/31/2006","NiFTI",""
"I86345","016_S_1326","MCI","M","66","2","MRI","MPR; GradWarp; B1 Correction; N3; Scaled","Processed","4/02/2007","NiFTI",""
"I86336","016_S_1149","MCI","M","85","2","MRI","MPR; GradWarp; B1 Correction; N3; Scaled","Processed","3/13/2007","NiFTI",""
"I90875","016_S_1138","MCI","M","68","2","MRI","MPR; GradWarp; B1 Correction; N3; Scaled","Processed","4/19/2007","NiFTI",""
"I86327","016_S_1121","MCI","F","56","2","MRI","MPR; GradWarp; B1 Correction; N3; Scaled","Processed","1/11/2007","NiFTI",""
"I86318","016_S_1117","MCI","F","69","2","MRI","MPR; GradWarp; B1 Correction; N3; Scaled","Processed","1/08/2007","NiFTI",""
"I138391","016_S_0769","MCI","M","62","2","MRI","MPR; GradWarp; B1 Correction; N3; Scaled","Processed","8/24/2006","NiFTI",""
"I73895","012_S_1321","MCI","M","83","2","MRI","MPR; ; N3; Scaled","Processed","3/12/2007","NiFTI",""
"I74691","012_S_1292","MCI","M","76","2","MRI","MPR; ; N3; Scaled","Processed","3/19/2007","NiFTI",""
"I64595","012_S_1212","CN","F","75","2","MRI","MPR; ; N3; Scaled","Processed","1/23/2007","NiFTI",""
"I59214","012_S_1009","CN","M","76","2","MRI","MPR; ; N3; Scaled","Processed","11/03/2006","NiFTI",""
"I59174","012_S_0689","AD","M","64","2","MRI","MPR-R; ; N3; Scaled","Processed","7/19/2006","NiFTI",""
"I59923","007_S_1304","AD","F","75","2","MRI","MPR; GradWarp; B1 Correction; N3; Scaled","Processed","4/02/2007","NiFTI",""
"I59986","007_S_1222","CN","F","73","2","MRI","MPR; GradWarp; B1 Correction; N3; Scaled","Processed","2/07/2007","NiFTI",""
"I59955","007_S_1206","CN","M","73","2","MRI","MPR; GradWarp; B1 Correction; N3; Scaled","Processed","1/30/2007","NiFTI",""
"I74600","005_S_0814","AD","F","71","2","MRI","MPR; GradWarp; B1 Correction; N3; Scaled","Processed","9/20/2006","NiFTI",""
"I32762","005_S_0602","CN","M","71","2","MRI","MPR; GradWarp; B1 Correction; N3; Scaled","Processed","7/25/2006","NiFTI",""
"I32817","005_S_0572","MCI","M","79","2","MRI","MPR-R; GradWarp; B1 Correction; N3; Scaled","Processed","7/31/2006","NiFTI",""
"I32755","005_S_0553","CN","M","85","2","MRI","MPR; GradWarp; B1 Correction; N3; Scaled","Processed","6/28/2006","NiFTI",""
"I32785","005_S_0448","MCI","M","86","2","MRI","MPR-R; GradWarp; B1 Correction; N3; Scaled","Processed","5/22/2006","NiFTI",""
"I32777","005_S_0324","MCI","F","75","2","MRI","MPR-R; GradWarp; B1 Correction; N3; Scaled","Processed","4/21/2006","NiFTI",""
"I65874","002_S_1280","CN","F","71","2","MRI","MPR; ; N3; Scaled","Processed","2/27/2007","NiFTI",""
"I65268","002_S_1268","MCI","M","83","2","MRI","MPR-R; ; N3; Scaled","Processed","3/07/2007","NiFTI",""
"I65561","002_S_1261","CN","F","71","2","MRI","MPR; ; N3; Scaled","Processed","2/27/2007","NiFTI",""
"I40840","002_S_1070","MCI","M","74","2","MRI","MPR; ; N3; Scaled","Processed","12/18/2006","NiFTI",""
"I40828","002_S_1018","AD","F","71","2","MRI","MPR; ; N3; Scaled","Processed","12/18/2006","NiFTI",""
"I118694","002_S_0954","MCI","F","70","2","MRI","MPR; ; N3; Scaled_2","Processed","11/08/2006","NiFTI",""
"I40749","002_S_0954","MCI","F","70","2","MRI","MPR; ; N3; Scaled","Processed","11/08/2006","NiFTI",""
"I118684","002_S_0816","AD","M","71","2","MRI","MPR; ; N3; Scaled_2","Processed","9/29/2006","NiFTI",""
"I40726","002_S_0816","AD","M","71","2","MRI","MPR; ; N3; Scaled","Processed","9/29/2006","NiFTI",""
"I118668","002_S_0729","MCI","F","65","2","MRI","MPR; ; N3; Scaled_2","Processed","8/02/2006","NiFTI",""
"I40692","002_S_0729","MCI","F","65","2","MRI","MPR; ; N3; Scaled","Processed","8/02/2006","NiFTI",""
"I45126","002_S_0559","CN","M","79","2","MRI","MPR; ; N3; Scaled","Processed","6/27/2006","NiFTI",""
"I118679","002_S_0559","CN","M","79","2","MRI","MPR; ; N3; Scaled_2","Processed","6/27/2006","NiFTI",""
"I118675","002_S_0413","CN","F","76","2","MRI","MPR; ; N3; Scaled_2","Processed","5/19/2006","NiFTI",""
"I40657","002_S_0413","CN","F","76","2","MRI","MPR; ; N3; Scaled","Processed","5/19/2006","NiFTI",""
